player_id,avg_rating,rating_band,n_games,ZScoreBaseline_score,ZScoreBaseline_label,LOF_score,LOF_label,IsolationForest_score,IsolationForest_label,OneClassSVM_score,OneClassSVM_label,Autoencoder_score,Autoencoder_label,HDBSCAN_score,HDBSCAN_label,ACPLSubAutoencoder_score,ACPLSubAutoencoder_label,anomaly_votes,ensemble_flag,ensemble_confident,likely_explanation
dongman51,1215.8,1200-1400,30,3.821199768428299,1,0.06923907181015299,-1,-0.07155575321862567,1,-0.5304178207763526,1,2.4762087,-1,1.0,1,0.72717834,-1,2,True,False,unexplained_deviation
atelia,1926.7333333333333,1800-2000,15,2.8882504602721824,1,0.18169760666537216,-1,-0.06149554305787891,1,-1.157151459730085,1,3.779792,-1,1.0,1,0.653541,-1,2,True,False,unexplained_deviation
Ahmedeldegwy82,1233.1739130434783,1200-1400,23,5.180838688871378,-1,-0.054455969307394714,1,0.0206357917697243,-1,0.611301420784951,-1,1.7843007,-1,1.0,1,1.1658092,-1,2,True,False,unexplained_deviation
lolo2015,1446.65,1400-1600,20,8.09760930702075,-1,0.27135560702275563,-1,-0.007301992578642724,1,2.970253927970909,-1,2.1553047,-1,1.0,1,1.375221,-1,3,True,True,unexplained_deviation
Blacktoothgrim,1755.6666666666667,1600-1800,15,2.861933612287433,1,0.033179059259073274,-1,-0.037319055177493565,1,-1.3698288968888441,1,3.4518673,-1,1.0,1,0.09962859,1,2,True,False,unexplained_deviation
jmgoca,1386.375,1200-1400,16,5.497755431442617,-1,0.3200099281178661,-1,-0.032542309986886675,1,0.0004534606642412342,-1,2.4267502,-1,1.0,1,0.47015095,1,3,True,True,unexplained_deviation
qufrkr3,1401.35,1400-1600,20,3.462359716253444,1,0.13232743933580493,-1,-0.02120032025396812,1,-0.2213903495022871,1,2.5984905,-1,1.0,1,1.1300714,-1,2,True,False,unexplained_deviation
nikolayr,1880.9,1800-2000,40,4.076158438655989,1,0.12813742886472745,-1,-0.0290049466519825,1,0.08301199597955211,-1,1.4713053,1,1.0,1,1.2953852,-1,2,True,False,unexplained_deviation
Shantanu_Chetia,1555.361111111111,1400-1600,36,3.801239484332898,1,0.1388512468975298,-1,-0.08968218033385827,1,0.00015475556225297282,-1,6.8748765,-1,1.0,1,1.7152456,-1,3,True,True,unexplained_deviation
Giuseppe-Michele,2126.318181818182,2000-2200,22,8.216723722058083,-1,0.32433422585066163,-1,-0.05220653762867944,1,2.413325848550192,-1,2.464219,-1,1.0,1,3.8352957,-1,3,True,True,pool_mismatch
kknight,2302.0,2200+,17,3.619401347090726,1,0.024591607349403466,-1,-0.11245378244208004,1,-4.2337573042703776,1,1.7658114,-1,1.0,1,0.35038942,1,2,True,False,unexplained_deviation
H-KH92,1851.6666666666667,1800-2000,24,8.069081791501494,-1,-0.07070962883194731,1,-0.08725873517171406,1,0.7870552651251339,-1,1.7895473,-1,1.0,1,0.82958984,-1,2,True,False,unexplained_deviation
caylakgasparov,1676.125,1600-1800,16,4.514195047235843,-1,0.10236058411513627,-1,0.01732853606613549,-1,0.4749744642917415,-1,1.459878,1,1.0,1,0.25730202,1,2,True,False,unexplained_deviation
Samsung777,1579.4285714285713,1400-1600,21,9.267436917022554,-1,0.26242453496177864,-1,0.055997268575539993,-1,3.4517579647271472,-1,0.9062397,1,1.0,1,0.43939188,1,2,True,False,unexplained_deviation
FoxyMoves,2262.714285714286,2200+,70,4.138180506120757,1,0.053610320225071506,-1,-0.06656847536649196,1,0.0002610795027138124,-1,1.0609854,1,1.0,1,0.06891615,1,2,True,False,pool_mismatch
velomosh,1727.2586206896551,1600-1800,58,3.007783993758392,1,0.07663459281486462,-1,-0.027342837987671786,1,-0.34485313613378565,1,3.2794144,-1,1.0,1,0.7886264,-1,2,True,False,unexplained_deviation
KJ9,1783.9565217391305,1600-1800,46,7.473826776285998,-1,0.03595059805095979,-1,-0.011548847035498855,1,2.5652775003623063,-1,3.2491443,-1,1.0,1,1.5367819,-1,3,True,True,unexplained_deviation
KostandinR,2010.9310344827586,2000-2200,29,5.449176297523005,-1,0.11141661316450246,-1,-0.0836847371044172,1,0.0001630301161545944,-1,0.8916605,1,1.0,1,1.5241289,-1,2,True,False,unexplained_deviation
VLADIMIR007,1868.851851851852,1800-2000,27,9.355525346534604,-1,0.017643479781069837,-1,-0.060795022603590265,1,2.0455673250572235,-1,2.0843706,-1,1.0,1,0.82963574,-1,3,True,True,unexplained_deviation
bianca2107,1932.896551724138,1800-2000,29,2.0924530183979195,1,0.0840491885042014,-1,-0.12598810966882185,1,-3.205540049123452,1,2.2980742,-1,1.0,1,0.66134316,-1,2,True,False,unexplained_deviation
Empecinado82,1308.0,1200-1400,20,2.6993970736585196,1,0.017954438908898362,-1,-0.0711308024391013,1,-2.3133803278772778,1,1.6873846,-1,1.0,1,0.09576222,1,2,True,False,unexplained_deviation
zestos,2298.8333333333335,2200+,24,4.060782979426255,1,0.169010205534875,-1,-0.08709355785680772,1,0.0027112417867538596,-1,5.688307,-1,1.0,1,1.4965403,-1,3,True,True,pool_mismatch
rocchi,2235.325,2200+,40,2.695922553786787,1,-0.09067770680706255,1,-0.10875074043890715,1,0.00017990909603682326,-1,4.359612,-1,1.0,1,0.20733573,1,2,True,False,pool_mismatch
devapriyan,1874.0454545454545,1800-2000,22,2.718003113400265,1,0.021096073465293852,-1,-0.06577427985592321,1,-0.6397867572326668,1,2.5444002,-1,1.0,1,0.08420917,1,2,True,False,unexplained_deviation
Pasukaru,1330.7142857142858,1200-1400,21,4.054061297594419,1,0.12318508777252157,-1,-0.042211062422864654,1,0.9165955526534608,-1,2.326264,-1,1.0,1,0.060742155,1,3,True,True,unexplained_deviation
vladkas23,1325.962962962963,1200-1400,27,10.048857270224465,-1,-0.0313058977166949,1,-0.07369292111464748,1,0.5265447524136171,-1,4.4998765,-1,1.0,1,3.830653,-1,2,True,False,unexplained_deviation
jeanclaudedusse,1878.5,1800-2000,18,3.8973110886192006,1,0.05075598564383599,-1,-0.03304149515096966,1,-0.37799104562870856,1,3.2581928,-1,1.0,1,0.8859155,-1,2,True,False,unexplained_deviation
Luis_Albania,1761.8823529411766,1600-1800,17,4.6255639585621475,-1,0.17226569503307454,-1,0.011470420542301074,-1,0.22009393614967632,-1,1.9613239,-1,1.0,1,1.0991536,-1,3,True,True,unexplained_deviation
hajian,1936.375,1800-2000,16,3.1759111270285794,1,0.05368245198896693,-1,-0.10145107475387605,1,-1.8411177327533021,1,4.2471614,-1,1.0,1,0.24706408,1,2,True,False,unexplained_deviation
Aproximo,1750.25,1600-1800,24,2.947415257884043,1,0.04575741829074276,-1,-0.09329776987539196,1,-1.1715948207109124,1,4.147652,-1,1.0,1,1.1723355,-1,2,True,False,unexplained_deviation
oddymustafa,2231.909090909091,2200+,33,6.186240957049551,-1,0.02612343054873323,-1,-0.03586839874234904,1,0.00020024831996678927,-1,1.8658886,-1,1.0,1,0.25313336,1,3,True,True,unexplained_deviation
artem555,1182.0,1000-1200,26,2.3730711375875266,1,0.07141447560800795,-1,-0.11073978368716447,1,-5.984732073471832e-06,1,2.2130547,-1,1.0,1,0.4076629,1,2,True,False,unexplained_deviation
Petro947,1892.1515151515152,1800-2000,66,2.8809948954679454,1,0.018517460944323272,-1,-0.08408132270590934,1,-2.921827685857113,1,1.7650074,-1,1.0,1,0.27259687,1,2,True,False,unexplained_deviation
Angellina-1983,2080.5263157894738,2000-2200,19,2.820736509805257,1,0.10512497741555182,-1,-0.10125347761922648,1,-0.3511077977679449,1,5.150777,-1,1.0,1,0.007091773,1,2,True,False,pool_mismatch
Viktor798697,1866.8484848484848,1800-2000,99,5.02378688989025,-1,0.16981879866237692,-1,-0.05107764866401926,1,1.4336207309078204,-1,1.3407246,1,1.0,1,0.14132018,1,2,True,False,unexplained_deviation
sajjad_asna,1464.8620689655172,1400-1600,29,5.32508845039627,-1,-0.07741632779878116,1,-0.016381719896406133,1,0.2083419231423287,-1,2.3281095,-1,1.0,1,0.9374662,-1,2,True,False,unexplained_deviation
Didier28,1239.483870967742,1200-1400,31,10.852724516459833,-1,-0.09224028021857134,1,0.005945406737184578,-1,2.689734756748121,-1,6.730095,-1,1.0,1,0.868214,-1,2,True,False,unexplained_deviation
SERJ0,1854.9375,1800-2000,16,5.269503422107908,-1,0.022440073466379662,-1,-0.04772908866197534,1,0.4189546814824112,-1,3.5400743,-1,1.0,1,0.10662374,1,3,True,True,unexplained_deviation
Vivelesechecsfr,1881.8285714285714,1800-2000,35,3.6945064769139004,1,0.14780907138147326,-1,-0.12109243866751812,1,-2.0742429492668215,1,5.374273,-1,1.0,1,1.4924178,-1,2,True,False,unexplained_deviation
ChiaranZ,1115.0,1000-1200,19,6.3145170461878575,-1,0.20726785835289974,-1,-0.02029423706107847,1,2.3005197705207063,-1,1.9921945,-1,1.0,1,0.16852635,1,3,True,True,rapid_improvement
mastermike,1534.1875,1400-1600,16,2.4666272116681416,1,0.16794612477929927,-1,-0.11584456288050088,1,-1.7131985391905742,1,5.71011,-1,1.0,1,0.37304762,1,2,True,False,unexplained_deviation
adamsuga,1339.148148148148,1200-1400,27,3.0094353700863508,1,0.08321918393093375,-1,-0.06380561861989403,1,-1.6329482889003568,1,1.6643919,-1,1.0,1,0.72257954,-1,2,True,False,unexplained_deviation
Cassuc,1661.5972222222222,1600-1800,72,3.2171913395899425,1,0.09495823407286763,-1,-0.09556098521850298,1,-1.6837185998158608,1,3.7056015,-1,1.0,1,0.43216744,1,2,True,False,unexplained_deviation
JoniBeckster,1905.0454545454545,1800-2000,22,2.695922553786787,1,0.027368787416949703,-1,-0.07677936453482376,1,-1.6488211927212548,1,2.0470488,-1,1.0,1,0.019750701,1,2,True,False,pool_mismatch
Sleepingsun,2362.8846153846152,2200+,26,3.319258729252033,1,-0.10446329883637118,1,-0.06415824309472251,1,0.05964535464044918,-1,2.1082013,-1,1.0,1,0.10784948,1,2,True,False,pool_mismatch
samypandy,1183.65,1000-1200,20,4.514195047235843,-1,0.010758528159767966,-1,-0.07716941301120911,1,-0.6140097518596423,1,1.7528824,-1,1.0,1,0.5553638,-1,2,True,False,unexplained_deviation
ejectionseat,1704.9375,1600-1800,16,1.8198135329448255,1,0.12000220798181438,-1,-0.13236825129989827,1,-5.126148230697615,1,2.0502906,-1,1.0,1,0.27812997,1,2,True,False,unexplained_deviation
JuraWysocki,1323.388888888889,1200-1400,18,2.1470635293435776,1,0.008313686913346885,-1,-0.1339420885892323,1,-4.635557326170164,1,1.7932307,-1,1.0,1,0.54694843,-1,2,True,False,unexplained_deviation
espector,1633.6666666666667,1600-1800,15,3.6492280308899407,1,0.1083149745451033,-1,-0.0972655657940768,1,-2.567543618396373,1,5.0265355,-1,1.0,1,0.39124566,1,2,True,False,unexplained_deviation
SAEEDALIRAQ,1884.5,1800-2000,26,2.8951628016037554,1,0.08044963382546255,-1,-0.09881302690156601,1,-3.4726333386617343,1,2.2700207,-1,1.0,1,0.6243636,-1,2,True,False,unexplained_deviation
DJEMALOQUOU,1895.1333333333334,1800-2000,15,3.2150017422551267,1,0.05994066736882209,-1,-0.06171254311055241,1,0.00023827350305261064,-1,1.0554348,1,1.0,1,0.2218769,1,2,True,False,unexplained_deviation
SydBZH,1463.4,1400-1600,15,1.9187058468050144,1,0.07245273735918478,-1,-0.09752735032217291,1,-4.276265911231627,1,1.6763536,-1,1.0,1,0.04648065,1,2,True,False,unexplained_deviation
Mixere,1655.3125,1600-1800,16,4.018439994086124,1,-0.05245964744277476,1,-0.038103528793870134,1,0.06565423047041019,-1,1.6651121,-1,1.0,1,0.43436655,1,2,True,False,unexplained_deviation
jalal1361,1539.1176470588234,1400-1600,17,2.587836202043123,1,0.06606864397117373,-1,-0.063844697257396,1,-2.952323293215138,1,1.6042962,-1,1.0,1,0.04910864,1,2,True,False,unexplained_deviation
Roni_Santos,2021.0,2000-2200,25,4.4927026330266875,-1,0.023359377965918915,-1,-0.0018327233777337693,1,0.4959282233061568,-1,0.79948515,1,1.0,1,0.07204754,1,2,True,False,unexplained_deviation
Mihail22,1791.1860465116279,1600-1800,43,8.718747932195678,-1,-0.06055562190173358,1,-0.0564462561018797,1,1.3775336369219064,-1,4.5894284,-1,1.0,1,1.2491755,-1,2,True,False,unexplained_deviation
zfab,1942.0223880597016,1800-2000,134,2.4435529348682716,1,0.09151362450379019,-1,-0.110440698499007,1,-0.897067605846674,1,1.8033825,-1,1.0,1,0.33619887,1,2,True,False,pool_mismatch
dothanhcatluong,1819.6666666666667,1800-2000,15,2.484569520507725,1,0.031627865426457014,-1,-0.0800146376920371,1,6.012630582219458e-05,-1,1.4721807,1,1.0,1,0.4167829,1,2,True,False,pool_mismatch
marat1963,1757.6315789473683,1600-1800,19,3.7210327713070606,1,0.015871447815261508,-1,-0.035989923107346944,1,-0.5758960671147442,1,2.10997,-1,1.0,1,0.954973,-1,2,True,False,unexplained_deviation
franckchess,2107.0975609756097,2000-2200,41,2.695922553786787,1,0.038658466189697815,-1,-0.07647464527082998,1,-1.0816092411587386,1,1.7947496,-1,1.0,1,0.5410797,-1,2,True,False,unexplained_deviation
IanOnAcid,1458.8363636363636,1400-1600,55,1.759478671695674,1,0.03983023411130082,-1,-0.11832556252516208,1,-3.7126014278230235,1,2.1960886,-1,1.0,1,0.45222175,1,2,True,False,unexplained_deviation
chessrgood,1966.258064516129,1800-2000,31,2.4416074983875755,1,0.013270589715643766,-1,-0.1359625532412045,1,-1.5103785937902252,1,1.9549853,-1,1.0,1,0.42957696,1,2,True,False,unexplained_deviation
Irinao,1649.9583333333333,1600-1800,24,7.075301524002315,-1,0.17676531799766249,-1,0.06287849823495195,-1,2.3235830404199174,-1,1.1937261,1,1.0,1,1.0724729,-1,2,True,False,unexplained_deviation
mec_engineer,1979.1904761904761,1800-2000,21,5.256330219050663,-1,0.09424576623825764,-1,-0.10133774604195062,1,-4.9208723337024196e-05,1,5.9418883,-1,1.0,1,1.5798732,-1,2,True,False,unexplained_deviation
Dhoov2,1634.409090909091,1600-1800,22,2.3011287740307678,1,0.11768693366071892,-1,-0.09416537018449334,1,-5.131741616622146,1,3.5516949,-1,1.0,1,0.10467775,1,2,True,False,unexplained_deviation
elchinasad,1479.057142857143,1400-1600,35,3.6075134192020624,1,0.023093531750162155,-1,-0.12675495422947441,1,-3.061719682116709,1,2.2191813,-1,1.0,1,0.46865326,1,2,True,False,unexplained_deviation
zendubend,1463.7777777777778,1400-1600,18,4.135192801370727,1,0.06877960216683876,-1,-0.03147440187426387,1,-0.6001669299446855,1,2.1255226,-1,1.0,1,0.7654844,-1,2,True,False,unexplained_deviation
Diegochoss,1453.9130434782608,1400-1600,23,4.932929399609761,-1,0.014450988385700914,-1,-0.050332337745302935,1,0.00021032632675943574,-1,2.5069764,-1,1.0,1,0.5582167,-1,3,True,True,unexplained_deviation
Ybelskiy,1817.375,1800-2000,24,5.4048617370814815,-1,0.30123192337223537,-1,0.04001800807880873,-1,2.345024593397019,-1,0.9922375,1,1.0,1,1.8463792,-1,2,True,False,unexplained_deviation
Corazon1512,1705.5762711864406,1600-1800,59,7.769407902935424,-1,0.10372539248147716,-1,-0.004078488424716142,1,0.32154833832864593,-1,1.1968712,1,1.0,1,1.4473954,-1,2,True,False,unexplained_deviation
chonowotos,1233.4,1200-1400,15,3.1444213296758226,1,0.07184662862502433,-1,-0.027503802080188544,1,-1.298799276987853,1,2.09772,-1,1.0,1,0.5457379,-1,2,True,False,unexplained_deviation
sockoot,1647.3142857142857,1600-1800,35,3.842895346047066,1,0.09823173845304223,-1,-0.028014807880053505,1,-0.5571920402955124,1,5.5616302,-1,1.0,1,0.68177396,-1,2,True,False,unexplained_deviation
dbjr1313,1721.7222222222222,1600-1800,18,2.6441218524563452,1,0.05182614734896274,-1,-0.10460143593434262,1,-0.882483162656662,1,1.8745761,-1,1.0,1,0.08559324,1,2,True,False,unexplained_deviation
ahmadsohraby,1447.9,1400-1600,40,6.8414331346888195,-1,0.03948650850989277,-1,-0.05116088964805715,1,1.0400428757554492,-1,1.205747,1,1.0,1,0.0994482,1,2,True,False,unexplained_deviation
jckg,1614.5333333333333,1600-1800,15,11.741970463308066,-1,0.14785732739248703,-1,0.0041190667505072165,-1,3.2805658470170282,-1,1.5609199,1,1.0,1,0.32858336,1,2,True,False,unexplained_deviation
BESERKING123,1951.611111111111,1800-2000,18,3.4217094042193796,1,0.06393190018997652,-1,-0.10908619971836153,1,0.00035119698048102777,-1,0.8588311,1,1.0,1,0.2879356,1,2,True,False,unexplained_deviation
konopczynski,1408.837837837838,1400-1600,37,2.554020263117097,1,0.1014497925364306,-1,-0.06914335061081434,1,-2.389335176020408,1,4.297334,-1,1.0,1,0.4898723,1,2,True,False,unexplained_deviation
mygos,1647.2916666666667,1600-1800,24,4.316532227353304,1,0.08499280013981947,-1,0.01931883677023205,-1,1.0148587309192596,-1,3.0511224,-1,1.0,1,0.107491694,1,3,True,True,unexplained_deviation
kysolnia,1146.84,1000-1200,25,3.0218802085773846,1,0.2596543090706873,-1,-0.07601250053353553,1,0.00016241752493062478,-1,1.5152692,1,1.0,1,0.46686193,1,2,True,False,unexplained_deviation
Apatzeo,1692.76,1600-1800,25,8.46539754021878,-1,0.10485154481211634,-1,0.05276956114571785,-1,3.5887282113267416,-1,0.71525186,1,1.0,1,0.7912686,-1,2,True,False,unexplained_deviation
orodrig,1733.16,1600-1800,25,10.566092682692886,-1,0.10716017165742198,-1,-0.0400890130990712,1,2.8039472917835635,-1,0.29675317,1,1.0,1,0.40228674,1,2,True,False,unexplained_deviation
phillipwhittaker,1467.12,1400-1600,25,1.632321292038449,1,0.01979642384182334,-1,-0.1463969887858073,1,-5.2447912286103735,1,1.6895189,-1,1.0,1,0.069595166,1,2,True,False,unexplained_deviation
mensob,2218.133333333333,2200+,15,4.695499499971602,-1,0.007712284706832717,-1,-0.03824274845378317,1,-0.8103523743338874,1,2.268131,-1,1.0,1,0.42611536,1,2,True,False,unexplained_deviation
cava1111,1799.9333333333334,1600-1800,45,2.9630157825727816,1,0.22646699223575428,-1,-0.07741027033172154,1,0.00020463125397007786,-1,1.3414065,1,1.0,1,0.6845082,-1,2,True,False,unexplained_deviation
emi_arg,1742.0333333333333,1600-1800,30,6.5391597224162235,-1,0.24957135864122737,-1,-0.03760903307918251,1,2.2115477384340307,-1,7.5946617,-1,1.0,1,1.2929856,-1,3,True,True,unexplained_deviation
BICHARA,2017.1020408163265,2000-2200,98,4.851898542050488,-1,0.11149720044371536,-1,-0.09044394666121691,1,-0.5419909211724674,1,2.8824198,-1,1.0,1,0.21382362,1,2,True,False,unexplained_deviation
FenderOn,1482.5744680851064,1400-1600,47,2.3281605647237855,1,0.05502476447805171,-1,-0.1172237536951809,1,-3.2056890297542084,1,2.0823324,-1,1.0,1,0.5211184,-1,2,True,False,unexplained_deviation
Tolstoewski,1624.463601532567,1600-1800,261,2.695922553786787,1,0.06930993944845021,-1,-0.07673215832971747,1,-0.5559021172213345,1,2.4126818,-1,1.0,1,0.025880901,1,2,True,False,unexplained_deviation
h-as-n,1022.8214285714286,1000-1200,28,4.8298417714310835,-1,0.32122028676991454,-1,-0.04489983677244791,1,0.724225622801284,-1,7.8362293,-1,1.0,1,0.5867401,-1,3,True,True,unexplained_deviation
jorgemario,1503.0,1400-1600,45,4.157319335180573,1,0.07642900659436025,-1,-0.09416375892285578,1,-1.7300944142815933,1,1.7428722,-1,1.0,1,0.16494589,1,2,True,False,unexplained_deviation
BONICEK,1869.09375,1800-2000,32,11.424885334425205,-1,-0.09239786571533659,1,-0.04592258982953945,1,1.8838529521394904,-1,2.971526,-1,1.0,1,4.897726,-1,2,True,False,unexplained_deviation
aanaredo,1108.05,1000-1200,20,3.880867149005574,1,0.043966885144919754,-1,-0.0970414001332583,1,-1.9840473133195191,1,2.818615,-1,1.0,1,0.92185813,-1,2,True,False,unexplained_deviation
Labcho2,1767.2105263157894,1600-1800,19,2.695922553786787,1,0.06985148146137954,-1,-0.06997124460788878,1,-0.7485492658151784,1,3.2358959,-1,1.0,1,0.020069817,1,2,True,False,unexplained_deviation
Tihana,1912.3529411764705,1800-2000,17,3.6959856360338588,1,-0.01235059195253374,1,-0.008762937230745949,1,9.904408360217332e-05,-1,1.7402474,-1,1.0,1,0.08748456,1,2,True,False,unexplained_deviation
Pirat777,1619.709090909091,1600-1800,55,3.227169579772028,1,0.10401231314357551,-1,-0.08680407648139016,1,-1.4686677573319917,1,3.5082972,-1,1.0,1,1.3119836,-1,2,True,False,unexplained_deviation
Dragonaicoloso,1855.84,1800-2000,25,1.5697598898071972,1,0.02273589541485843,-1,-0.13295665031569154,1,-3.178567263354812,1,2.310002,-1,1.0,1,0.71483064,-1,2,True,False,unexplained_deviation
Geraltz,2057.75,2000-2200,16,11.37916041169647,-1,0.86334785971858,-1,-0.03267029795295373,1,4.230237577802047,-1,6.4773583,-1,1.0,1,6.275158,-1,3,True,True,unexplained_deviation
uncleg,2166.6805555555557,2000-2200,72,1.8430869471599254,1,0.09569386584639417,-1,-0.11136447544381756,1,-3.422921922454173,1,1.8297191,-1,0.9182637979435435,1,0.07176426,1,2,True,False,pool_mismatch
jakblak,1904.4324324324325,1800-2000,37,2.557190393534202,1,0.01381778545646073,-1,-0.11912629863852758,1,-3.9098183394492088,1,1.7991843,-1,1.0,1,0.73859036,-1,2,True,False,unexplained_deviation
cnv,1930.528735632184,1800-2000,87,4.44627869802544,-1,-0.08056819770541068,1,-0.04789497712551172,1,0.6419202026878645,-1,3.4660845,-1,1.0,1,0.27067566,1,2,True,False,unexplained_deviation
Isoorn,1672.1463414634147,1600-1800,41,2.5955940067814898,1,0.0670462946105117,-1,-0.13793194917427443,1,-4.66636778961029,1,2.3337815,-1,0.9121285800457453,1,0.041298725,1,2,True,False,unexplained_deviation
kike38ve,1496.8666666666666,1400-1600,15,4.1799396164938365,1,0.025537321648990474,-1,-0.010483701748767227,1,-0.7384026439198479,1,2.526987,-1,1.0,1,0.7138929,-1,2,True,False,unexplained_deviation
nico93,1904.9607843137255,1800-2000,51,2.695922553786787,1,0.13664722239715754,-1,-0.06051229769068028,1,-0.9856140430825224,1,4.2536817,-1,1.0,1,0.2276471,1,2,True,False,unexplained_deviation
Annbuut,1841.7586206896551,1800-2000,29,3.9394529136612726,1,0.16258644030782454,-1,-0.06837212341003385,1,0.010221576811413335,-1,3.0636368,-1,1.0,1,0.14413114,1,3,True,True,unexplained_deviation
Cerchietto,1827.304347826087,1800-2000,23,4.689881126207176,-1,0.04453649030302542,-1,-0.08227200388647654,1,-1.1080606621441742,1,2.3202858,-1,1.0,1,0.7047363,-1,2,True,False,unexplained_deviation
rohanms,1427.8181818181818,1400-1600,22,2.898456366804136,1,0.02082891653730745,-1,-0.06891235319627598,1,-1.5577251514077908,1,2.3040478,-1,1.0,1,0.044896416,1,2,True,False,unexplained_deviation
Diehardtourneyplayer,2172.4545454545455,2000-2200,22,2.695922553786787,1,0.028558675297954972,-1,-0.06609363873707291,1,-0.8263025839417466,1,1.988256,-1,1.0,1,0.3063426,1,2,True,False,pool_mismatch
KoniVvs,2219.885714285714,2200+,35,3.32361100859226,1,0.1684589064242723,-1,-0.05616513331827189,1,-0.3192476460605045,1,4.671187,-1,1.0,1,0.25035718,1,2,True,False,pool_mismatch
ArthurKnight,1886.031746031746,1800-2000,63,3.7252035955125624,1,0.00924271202801763,-1,-0.09309703139735365,1,-1.8039010982495292,1,2.5510814,-1,1.0,1,0.9026019,-1,2,True,False,unexplained_deviation
Lichess-network,1605.0,1600-1800,15,3.7011132044144968,1,0.2325320959782169,-1,-0.07172279119417452,1,-0.5486954114448572,1,1.725348,-1,1.0,1,0.74257827,-1,2,True,False,unexplained_deviation
AleksandarSrbija,1780.601851851852,1600-1800,108,2.429910806466902,1,0.04856612522062109,-1,-0.09504563398022653,1,-0.2987112622602899,1,1.6846839,-1,1.0,1,0.13575262,1,2,True,False,pool_mismatch
BogleUTM,2176.2258064516127,2000-2200,31,6.496553146584217,-1,-0.08824033090925232,1,-0.02022163753407369,1,0.9743627431579238,-1,1.8879765,-1,1.0,1,0.02316146,1,2,True,False,pool_mismatch
mahyar89mahan84,1115.975,1000-1200,40,2.695922553786787,1,0.187700770601962,-1,-0.10690175966799104,1,-1.3553699099595677,1,5.291188,-1,1.0,1,0.55857474,-1,2,True,False,unexplained_deviation
Alboio,1938.4285714285713,1800-2000,21,4.520278083117589,-1,0.30874830552192223,-1,0.009734600477291244,-1,1.5272929034109404,-1,2.7591276,-1,1.0,1,1.0045489,-1,3,True,True,pool_mismatch
cpd268,1776.7796610169491,1600-1800,59,2.224781652304284,1,0.11639211860236198,-1,-0.1161547051503215,1,-1.5082238723508121,1,2.3415434,-1,1.0,1,0.41714114,1,2,True,False,unexplained_deviation
smauf66,1803.090909090909,1800-2000,22,3.376790396453261,1,0.269013517658792,-1,-0.052560543618317135,1,0.37757292224113037,-1,0.43892452,1,1.0,1,0.04820703,1,2,True,False,unexplained_deviation
lakin,1618.65,1600-1800,20,2.3014902687556487,1,0.012219230053304164,-1,-0.09418063595758858,1,-2.6765756404936036,1,2.1867244,-1,1.0,1,0.46013123,1,2,True,False,unexplained_deviation
Asperhard,2028.6129032258063,2000-2200,62,6.909484661838914,-1,0.03656153820241448,-1,0.0032096294972645545,-1,1.3507371163459427,-1,5.6117935,-1,1.0,1,0.7204449,-1,3,True,True,unexplained_deviation
Leo71,1393.6470588235295,1200-1400,17,7.2316496287186665,-1,0.1723090484336438,-1,-0.04560502660178389,1,2.0180257400946022,-1,3.059557,-1,1.0,1,1.5575897,-1,3,True,True,unexplained_deviation
mik4708,2052.3333333333335,2000-2200,18,3.9054463639697583,1,0.024654141247468564,-1,-0.036590416580879914,1,-0.4297289619399898,1,2.6140597,-1,1.0,1,0.017941806,1,2,True,False,unexplained_deviation
frdzhdytz,2012.909090909091,2000-2200,22,1.5943028576927216,1,0.03555964569160408,-1,-0.1608904646110894,1,-5.456282451655388,1,1.6708531,-1,0.9196549241480317,1,0.3894109,1,2,True,False,unexplained_deviation
damian1997,1788.6727272727273,1600-1800,55,4.204120394829674,1,0.1752137481130649,-1,-0.055492695524796576,1,-0.00010896946004024244,1,2.238572,-1,1.0,1,1.9608468,-1,2,True,False,unexplained_deviation
wlad_90,1307.625,1200-1400,16,12.301278446373521,-1,0.12479184979163538,-1,0.025898202080173682,-1,3.368749572486553,-1,2.0725954,-1,1.0,1,2.6716723,-1,3,True,True,unexplained_deviation
AusiasMarch,1917.3125,1800-2000,16,8.069338789844041,-1,-0.127736096160028,1,-0.03372541556214759,1,0.5064115158496296,-1,4.493516,-1,1.0,1,0.7458582,-1,2,True,False,unexplained_deviation
ayham,1708.5584415584415,1600-1800,77,2.399903123553247,1,0.0004756176968032655,-1,-0.11000097462304825,1,-3.209045170423809,1,1.9702619,-1,1.0,1,0.8615948,-1,2,True,False,unexplained_deviation
CRUSSADE,2349.5348837209303,2200+,43,7.311122644112714,-1,-0.007717765040528013,1,-0.043465070524388416,1,0.9987921391082653,-1,2.9117339,-1,1.0,1,0.10218725,1,2,True,False,unexplained_deviation
mykahveli,1610.5,1600-1800,20,2.695922553786787,1,0.0032126774673459924,-1,-0.12734272241652472,1,-1.5588818724755935,1,1.9372648,-1,1.0,1,0.013944108,1,2,True,False,unexplained_deviation
I2000,1951.6727272727273,1800-2000,55,2.1639049537316253,1,2.682327115022254e-05,-1,-0.0850573175461557,1,-3.2091435827740282,1,4.0590925,-1,1.0,1,0.069200106,1,2,True,False,unexplained_deviation
mertalcikaya,1297.1363636363637,1200-1400,22,3.6734559594988947,1,0.11011437873892316,-1,-0.04847651822471993,1,-0.282871816014195,1,3.0722358,-1,1.0,1,1.2533078,-1,2,True,False,unexplained_deviation
HaavardStorm,1483.235294117647,1400-1600,17,3.140645539615066,1,0.022387673337147307,-1,-0.09871954800384597,1,-1.9796398247926357,1,2.2505,-1,1.0,1,0.22499673,1,2,True,False,unexplained_deviation
AcquavivAAA,1638.9411764705883,1600-1800,17,1.8379690293283706,1,0.025315034447207507,-1,-0.10144425898893505,1,-5.371723560734153,1,2.2859085,-1,1.0,1,0.08818487,1,2,True,False,unexplained_deviation
soorya_30,1620.5959595959596,1600-1800,99,5.070940215765001,-1,0.1001083703467871,-1,-0.006261056163078926,1,0.00020316721259927562,-1,4.615222,-1,1.0,1,1.6262593,-1,3,True,True,unexplained_deviation
OldLion34,2061.2380952380954,2000-2200,21,3.0349332943248144,1,0.047436832090765435,-1,-0.07969079936129092,1,-2.6760623515261743,1,2.1626039,-1,1.0,1,0.50339764,-1,2,True,False,unexplained_deviation
khosronikan,2001.44,2000-2200,25,8.706227062086526,-1,0.051060400570205555,-1,-0.08653574682212917,1,0.769378816491229,-1,1.8798615,-1,1.0,1,0.6002748,-1,3,True,True,unexplained_deviation
sergey--bosyakov,1845.9736842105262,1800-2000,38,2.695922553786787,1,0.0152360810921226,-1,-0.06627388196883621,1,-1.1512159026730409,1,2.7870567,-1,1.0,1,0.124346256,1,2,True,False,unexplained_deviation
HKASHDJAWHD,1991.409090909091,1800-2000,22,2.695922553786787,1,0.23063572100761554,-1,-0.09150919443841432,1,-2.914548379703672,1,4.170043,-1,1.0,1,0.2946676,1,2,True,False,unexplained_deviation
texanguy,2183.4,2000-2200,20,5.396081862519934,-1,0.5275736703343576,-1,-0.012685718523701484,1,2.623460158907102,-1,2.0753505,-1,1.0,1,1.9320428,-1,3,True,True,pool_mismatch
Nico80,1371.7777777777778,1200-1400,36,1.9051493850668586,1,0.08328599511515544,-1,-0.11172106529857012,1,-3.4518382137401042,1,1.8343515,-1,0.9182320312593856,1,0.56280184,-1,2,True,False,unexplained_deviation
Mayankme,1541.65,1400-1600,20,8.482542976572816,-1,-0.1197135227359416,1,-0.0711632775283908,1,4.308429316690621e-05,-1,2.975009,-1,1.0,1,1.9191096,-1,2,True,False,unexplained_deviation
velours,2063.5641025641025,2000-2200,39,3.6949084055114754,1,0.022555267730916873,-1,-0.10779867843217783,1,-2.0242397141958426,1,2.4057753,-1,1.0,1,0.53414637,-1,2,True,False,unexplained_deviation
cajunjacques,1050.95,1000-1200,20,4.03542037237144,1,0.10019194590362646,-1,-0.05415830979624808,1,-0.00010704432239982964,1,3.1012614,-1,1.0,1,0.9122455,-1,2,True,False,unexplained_deviation
furkifurki,1825.8,1800-2000,20,2.468712434053034,1,0.20917847265575884,-1,-0.10824553114221097,1,-1.554143925055321,1,2.476456,-1,1.0,1,0.65907663,-1,2,True,False,unexplained_deviation
Linkeloetje,1521.632911392405,1400-1600,79,8.803147745314854,-1,-0.054035075110677955,1,-0.10691131454133052,1,0.00017906522444821604,-1,2.6482494,-1,1.0,1,3.282043,-1,2,True,False,unexplained_deviation
Ekber,1798.6415094339623,1600-1800,53,1.931321112466998,1,0.06273776783797214,-1,-0.13433269192291114,1,-2.368087768266834,1,2.0636551,-1,1.0,1,0.9046781,-1,2,True,False,unexplained_deviation
rodrigoaia,1841.0408163265306,1800-2000,49,4.512367980926716,-1,0.03133009517395702,-1,-0.027756405900751457,1,0.20758750645993995,-1,1.3716043,1,1.0,1,0.9584393,-1,2,True,False,unexplained_deviation
chessLTDchess,1799.3703703703704,1600-1800,27,8.378818531347138,-1,-0.15838673999786979,1,-0.05225347839092381,1,0.39992823194499394,-1,3.7549572,-1,1.0,1,0.09748418,1,2,True,False,unexplained_deviation
mutazghunaim,1952.6904761904761,1800-2000,42,8.15148322763367,-1,0.04172985870011425,-1,0.03599343393533372,-1,2.776920839881796,-1,1.0934206,1,1.0,1,0.25344238,1,2,True,False,unexplained_deviation
cadu7,1479.4102564102564,1400-1600,39,4.552349494701419,-1,0.11533387610566637,-1,-0.023041463299128262,1,0.15359275454841992,-1,5.2901654,-1,1.0,1,0.70858455,-1,3,True,True,unexplained_deviation
pexon77,1840.3,1800-2000,50,14.34695366919445,-1,0.07018537678602943,-1,0.012401657868241434,-1,3.5833041278070663,-1,2.9121692,-1,1.0,1,0.15320382,1,3,True,True,unexplained_deviation
dk22,1844.258064516129,1800-2000,31,7.300574253411351,-1,0.24967273843191173,-1,-0.048579604799183884,1,0.7505377334874543,-1,1.4604927,1,1.0,1,2.496115,-1,2,True,False,unexplained_deviation
iTzLuigi51,1401.2727272727273,1400-1600,22,4.317826658698885,1,-0.15630283883527674,1,-0.055647695726454616,1,0.0002847878592033837,-1,3.0271242,-1,1.0,1,0.50433564,-1,2,True,False,unexplained_deviation
nazarisha,1491.7608695652175,1400-1600,46,2.695922553786787,1,0.016382496558664972,-1,-0.0969944993844144,1,-2.052039647606425,1,1.6750069,-1,1.0,1,0.3217241,1,2,True,False,unexplained_deviation
ibonuribeetxebarria,2084.318181818182,2000-2200,132,2.004025703761696,1,0.0628327371748596,-1,-0.12283132887260723,1,-4.284573098001059,1,1.6530045,-1,1.0,1,0.2834705,1,2,True,False,unexplained_deviation
Gasavitdin,1659.057142857143,1600-1800,35,2.468712434053034,1,0.0249046493820404,-1,-0.08060643143058199,1,-3.253318600353624,1,1.7215948,-1,1.0,1,0.30171904,1,2,True,False,unexplained_deviation
The-Dread-Of-Valyria,2086.7586206896553,2000-2200,29,3.32361100859226,1,0.1305961354999432,-1,-0.018088394073150882,1,0.5383783592418263,-1,2.168698,-1,1.0,1,0.8179547,-1,3,True,True,pool_mismatch
pawnimpact0007,1807.0,1800-2000,41,2.743840328418862,1,0.15045766392797555,-1,-0.11850469089748528,1,-1.9686314821823228,1,2.060054,-1,0.8329646929440235,1,0.27832875,1,2,True,False,unexplained_deviation
mecnuncinar,1608.1,1600-1800,20,2.735234492072089,1,0.1944503194737004,-1,-0.032582150547053934,1,-0.6069293110278782,1,3.1209917,-1,1.0,1,0.21843916,1,2,True,False,unexplained_deviation
hamidsham,1577.8,1400-1600,20,4.519394402207461,-1,-0.007731804768570383,1,-0.07927924326364533,1,0.0003309596106246815,-1,3.4961557,-1,1.0,1,0.053736925,1,2,True,False,unexplained_deviation
masterkina,1701.5416666666667,1600-1800,48,6.668923847300716,-1,-0.09204721133163707,1,-0.009273726147220551,1,3.244356527520864e-05,-1,1.625012,-1,1.0,1,0.7793367,-1,2,True,False,unexplained_deviation
desolator777,1583.8245614035088,1400-1600,57,2.7387961926436715,1,0.18453383929829692,-1,-0.07849467653023778,1,-1.4951064064060553,1,2.7604144,-1,1.0,1,0.7623923,-1,2,True,False,unexplained_deviation
bucerro2015,1676.1176470588234,1600-1800,17,2.309962708070938,1,0.10562194842853012,-1,-0.11784840819800163,1,-2.755181632152257,1,2.095382,-1,1.0,1,0.17564875,1,2,True,False,unexplained_deviation
alexte005,2018.590909090909,2000-2200,22,5.332311759960394,-1,0.08453097161676171,-1,-0.10268689686712901,1,-0.0002873082677838923,1,9.223422,-1,1.0,1,2.3234668,-1,2,True,False,unexplained_deviation
caciano,1782.3939393939395,1600-1800,33,12.710242746770927,-1,-0.10720239339753213,1,-0.07029669384741705,1,2.2948217889703204,-1,3.8488061,-1,1.0,1,5.1637545,-1,2,True,False,unexplained_deviation
juanpablo11,1922.0,1800-2000,16,2.7665077906712083,1,0.019203778234371915,-1,-0.1411523054135046,1,-2.72631500166266,1,2.5610998,-1,1.0,1,0.5983422,-1,2,True,False,unexplained_deviation
Amarul4,1603.8636363636363,1600-1800,22,4.887879310865477,-1,0.04123670337978291,-1,-0.062136607748705275,1,0.007207463739384856,-1,2.7965164,-1,1.0,1,1.0359131,-1,3,True,True,unexplained_deviation
zoomsp,1560.0,1400-1600,18,4.555563305826882,-1,0.12115217669542822,-1,0.003361140519558048,-1,0.38155971598058613,-1,3.2779932,-1,1.0,1,1.2865381,-1,3,True,True,unexplained_deviation
kingsend,2366.823529411765,2200+,17,22.120166762014367,-1,-0.03098304778474814,1,0.0005697078513122733,-1,3.7487108582101607,-1,1.7545987,-1,1.0,1,0.039999112,1,2,True,False,rapid_improvement
nascimento186,943.28,800-1000,25,5.493340582451977,-1,0.39491544322252903,-1,-0.10213423074559647,1,0.4526276327406942,-1,4.90962,-1,1.0,1,1.7605776,-1,3,True,True,unexplained_deviation
fabiang81,1332.4545454545455,1200-1400,22,2.588981141977608,1,0.14225598124280747,-1,-0.07255507323570598,1,-1.150802940193441,1,2.6891985,-1,1.0,1,0.02984938,1,2,True,False,unexplained_deviation
Peloduro,1793.8703703703704,1600-1800,54,4.127010422197416,1,0.226372588002405,-1,-0.06488360537195437,1,0.283043512342533,-1,3.4337187,-1,1.0,1,0.9090986,-1,3,True,True,unexplained_deviation
hamed3652,1756.7,1600-1800,60,9.156601232401389,-1,0.06526502317159322,-1,0.016177836329831385,-1,3.5374462538254683,-1,0.8763445,1,1.0,1,0.24134003,1,2,True,False,unexplained_deviation
fr77127,2295.764705882353,2200+,17,4.48667576876772,-1,0.018362288335589172,-1,-0.056305011082831535,1,-1.5736760119514317,1,2.2234328,-1,1.0,1,0.22894298,1,2,True,False,unexplained_deviation
chessergio,1691.8095238095239,1600-1800,21,2.729816486959491,1,0.04566374899759684,-1,-0.06154241709921049,1,-3.4660475283385255,1,2.1843688,-1,1.0,1,0.09932048,1,2,True,False,unexplained_deviation
mehdi60,1754.7083333333333,1600-1800,24,3.6220057670976673,1,0.05629737739273244,-1,-0.08346530028182936,1,0.00010443474123711383,-1,0.7581246,1,1.0,1,0.021837888,1,2,True,False,unexplained_deviation
Heisenbass,1294.55,1200-1400,40,7.884649937070144,-1,0.027162740804588914,-1,0.04566366808613265,-1,3.3418516467232378,-1,3.7107525,-1,1.0,1,1.0097561,-1,3,True,True,unexplained_deviation
Malluck,1455.235294117647,1400-1600,17,2.666583077370886,1,0.051774602302138595,-1,-0.11745569117046145,1,-2.590399833352669,1,2.6107173,-1,1.0,1,0.8077686,-1,2,True,False,unexplained_deviation
Batman37,1673.625,1600-1800,16,7.047920920583321,-1,-0.14970520482904837,1,-0.026284716733383173,1,0.42147586164808715,-1,2.2463787,-1,1.0,1,0.9666944,-1,2,True,False,unexplained_deviation
matrisking,1459.0,1400-1600,25,1.7263393849903454,1,0.022378536330576626,-1,-0.12390363991875863,1,-1.9497471157657413,1,2.534662,-1,1.0,1,0.4340498,1,2,True,False,unexplained_deviation
KnightUCAEB,1938.75,1800-2000,16,2.191402365116176,1,0.2975534423805857,-1,-0.103387482769837,1,-3.274603335468105,1,3.3712351,-1,1.0,1,0.11724925,1,2,True,False,pool_mismatch
antik-82,1626.8125,1600-1800,16,3.657547060245014,1,0.1137405936934468,-1,0.001389840446914925,-1,0.014985430612885153,-1,1.4302498,1,1.0,1,0.7257467,-1,2,True,False,unexplained_deviation
DaveT34,1462.969696969697,1400-1600,33,2.989468561966181,1,0.013876329356363959,-1,-0.1157246597648019,1,-2.6216927618553294,1,2.2325935,-1,1.0,1,0.16394864,1,2,True,False,unexplained_deviation
satyam1527sr,1603.0857142857142,1600-1800,35,3.5197712076597485,1,0.17587826291491337,-1,-0.13846141414047802,1,-1.8835348703253976,1,1.7957684,-1,0.9182413828676503,1,0.35299274,1,2,True,False,unexplained_deviation
josefpishgo,1298.1923076923076,1200-1400,26,5.198375559840549,-1,0.01732977522519863,-1,-0.06578170502175495,1,-0.2849180852650166,1,2.2192316,-1,1.0,1,0.893534,-1,2,True,False,unexplained_deviation
maybii,1362.128205128205,1200-1400,39,7.9995607340164705,-1,0.09261340835420273,-1,0.05927721196301494,-1,3.002887828586629,-1,6.9285913,-1,1.0,1,2.772243,-1,3,True,True,unexplained_deviation
ManOverboard,2262.8,2200+,15,2.695542279938548,1,0.0666899030483239,-1,-0.06370679060429096,1,-0.7345516019303382,1,2.906926,-1,1.0,1,1.0882521,-1,2,True,False,pool_mismatch
rezawins,1589.5294117647059,1400-1600,17,3.5013893037711417,1,0.11532274243466256,-1,-0.05387654387306323,1,-0.00027414023732230675,1,1.9049362,-1,1.0,1,0.06110186,1,2,True,False,unexplained_deviation
Ilias1103,1428.4,1400-1600,25,3.027343024093591,1,0.1121479949998423,-1,-0.10200383381238276,1,-1.707147275962602,1,1.8727444,-1,1.0,1,1.0023103,-1,2,True,False,unexplained_deviation
sakym,1314.6444444444444,1200-1400,45,3.2979325427078545,1,0.05630397387574959,-1,-0.10719337787163774,1,-0.293624047274859,1,2.6271746,-1,1.0,1,1.1054255,-1,2,True,False,unexplained_deviation
Neo1977,1815.1458333333333,1800-2000,48,3.053632080626707,1,0.12483323071428276,-1,-0.09406695765027101,1,-0.9967672174717022,1,4.7575655,-1,1.0,1,1.2376499,-1,2,True,False,unexplained_deviation
esentuki75,1600.357142857143,1600-1800,28,5.661311139671401,-1,0.00522899371886143,-1,-0.03888954647839904,1,-0.0025256778602793517,1,1.9839917,-1,1.0,1,0.6338399,-1,2,True,False,unexplained_deviation
Timuras,1648.5555555555557,1600-1800,18,2.322640121093783,1,0.10484091127325268,-1,-0.10872659926288619,1,-3.3723694788954353,1,2.474844,-1,1.0,1,0.12758753,1,2,True,False,unexplained_deviation
RussianFederation163,2023.7142857142858,2000-2200,28,3.1858991674691817,1,0.026808734729570016,-1,-0.05953671726685983,1,-1.242881614387981,1,3.1989906,-1,1.0,1,0.7381849,-1,2,True,False,unexplained_deviation
ox_brilliant,1524.6046511627908,1400-1600,43,10.07019670838806,-1,-0.17316508673285047,1,-0.09219030670375566,1,0.33087525431370857,-1,2.709596,-1,1.0,1,0.8615497,-1,2,True,False,unexplained_deviation
HA2332,1441.7083333333333,1400-1600,24,4.581566257027893,-1,-0.04236432880245822,1,-0.021478369826543386,1,0.0004568102612330094,-1,1.7092723,-1,1.0,1,0.6104859,-1,2,True,False,unexplained_deviation
